"","ITH","diversity","mutation_load","cnv_load","purity","sig7"
"TCGA-3N-A9WB",3,2,NA,0.228899881251118,0.92,188.106552037731
"TCGA-3N-A9WC",1,0,NA,0.0677927779218372,0.64,2172.8807176418
"TCGA-3N-A9WD",4,1.5,NA,0.152059463710399,0.38,1128.01106149802
"TCGA-BF-A1PU",3,1,68,0.341668057818323,0.87,75.4542578252115
"TCGA-BF-A1PV",3,2,243,0.170392351113203,0.94,351.573799904095
"TCGA-BF-A1PX",2,1,299,0.160935676650057,0.23,382.778403294676
"TCGA-BF-A1PZ",4,1.5,205,0.277450506914211,0.84,230.470522599241
"TCGA-BF-A1Q0",4,1,550,0.685785642204619,0.71,758.901342376423
"TCGA-BF-A3DJ",3,2,120,0.338759545035737,0.75,168.966849091898
"TCGA-BF-A3DL",3,2,362,0.219810819208792,0.24,505.810326203394
"TCGA-BF-A3DM",4,1.5,370,0.193363813982483,0.92,539.12854120929
"TCGA-BF-A3DN",4,1,67,0.339865242304325,0.76,72.3117859633725
"TCGA-BF-A5EO",3,2,493,0.446111768927566,0.57,714.533603239468
"TCGA-BF-A5EP",4,1.5,NA,0.599753629536959,0.88,128.743637933461
"TCGA-BF-A5EQ",1,0,496,0.878276919187271,0.68,712.036993038532
"TCGA-BF-A5ER",5,1.33333333333333,NA,0.907953608998784,0.85,195.694179931324
"TCGA-BF-A5ES",4,1.5,NA,0.382919211713761,0.67,569.104870073708
"TCGA-BF-A9VF",6,1.205,NA,0.419569828135439,0.96,64.2901347462779
"TCGA-BF-AAOU",4,1,NA,0.359692793175544,0.55,390.944651730469
"TCGA-BF-AAOX",4,1.5,NA,0.241649672790366,0.68,1437.09909173953
"TCGA-BF-AAP0",1,0,NA,0.287657830518094,0.22,511.57249303867
"TCGA-BF-AAP1",5,1.33333333333333,NA,0.759939588032515,0.94,1041.21455919049
"TCGA-BF-AAP2",4,1.5,NA,0.860192755628225,0.94,1677.78746034252
"TCGA-BF-AAP4",2,1,NA,0.90275902514488,0.52,905.348479524345
"TCGA-BF-AAP6",4,1.5,NA,0.338680685547028,0.86,43.5388792934932
"TCGA-BF-AAP7",3,2,NA,0.0109290518859172,0.95,442.569210370799
"TCGA-BF-AAP8",4,1.5,NA,0.17294505345051,0.84,0
"TCGA-D3-A1Q1",2,1,43,0.538575597555859,0.95,0
"TCGA-D3-A1Q3",4,1.5,31,0.21864999650574,0.7,1.65036488094111
"TCGA-D3-A1Q4",4,1.5,207,0.339689186369078,0.48,340.799151884776
"TCGA-D3-A1Q5",2,1,288,0.69920917437611,0.95,395.631662774737
"TCGA-D3-A1Q6",5,1.33333333333333,628,0.889142955179549,0.62,892.971040310202
"TCGA-D3-A1Q7",3,2,71,0.146743424570111,0.36,102.767148922136
"TCGA-D3-A1Q8",4,1.5,189,0.276124692227771,0.49,234.541894455476
"TCGA-D3-A1Q9",2,1,33,0.157865954182184,0.84,1.73031574932287
"TCGA-D3-A1QA",5,2,332,0.390572837871013,0.82,517.292915272997
"TCGA-D3-A1QB",3,2,296,0.339485293374178,0.69,385.827487273718
"TCGA-D3-A2J6",4,1.5,18,0.0681320241287251,0.78,7.22715792723838
"TCGA-D3-A2J7",3,2,297,0.105291869403535,0.91,398.961207252844
"TCGA-D3-A2J8",2,1,511,0.063445168743078,0.89,757.579981156568
"TCGA-D3-A2J9",4,1.5,57,0.0606184675608523,0.9,62.0006938414926
"TCGA-D3-A2JA",5,1,293,0.0756287362790048,0.59,369.058460800245
"TCGA-D3-A2JB",1,0,14,0.471740633668942,0.06,2.0628591666004
"TCGA-D3-A2JC",1,0,170,0.652324211955848,0.59,195.416518977266
"TCGA-D3-A2JD",4,1.5,304,0.0747004220203296,0.73,433.342150055098
"TCGA-D3-A2JF",3,1,1164,0.840041207959867,0.75,1819.06931114934
"TCGA-D3-A2JG",3,1,82,0.358195337000743,0.74,114.795922388143
"TCGA-D3-A2JH",1,0,508,0.747876752277788,0.5,634.028821125586
"TCGA-D3-A2JK",5,1.33333333333333,234,0.168194158269607,0.61,314.039763104055
"TCGA-D3-A2JL",1,0,264,0.709320878689926,0.59,335.885736093113
"TCGA-D3-A2JN",1,0,267,0.70239632972807,0.5,318.197914879576
"TCGA-D3-A2JO",2,1,499,0.855447684830753,0.49,716.99660374551
"TCGA-D3-A2JP",2,1,226,0.794847470618257,0.7,286.996266440723
"TCGA-D3-A3BZ",3,2,65,0.325491873856056,0.8,0.69125353211403
"TCGA-D3-A3C1",4,1.5,123,0.731148522501551,0.65,102.430999313119
"TCGA-D3-A3C3",3,2,217,0.2662980036242,0.66,186.380203206468
"TCGA-D3-A3C6",3,2,84,0.456035590770566,0.89,131.703986203913
"TCGA-D3-A3C7",4,1.5,777,0.366398950384678,0.78,1089.08190153281
"TCGA-D3-A3C8",3,2,592,0.0889582236888335,0.88,663.811419689251
"TCGA-D3-A3CB",2,1,205,0.184359401717325,0.9,287.362477040621
"TCGA-D3-A3CC",1,NA,28,0.77591089214652,0.74,4.65931008457325
"TCGA-D3-A3CE",4,1,33,0.313846024768246,0.73,18.1739535923455
"TCGA-D3-A3CF",4,1.5,29,0.31256178113439,0.33,0
"TCGA-D3-A3ML",5,1.33333333333333,725,0.896885753783582,0.97,1128.55015004093
"TCGA-D3-A3MO",4,1.5,55,0.291252502419331,0.89,34.2520292765539
"TCGA-D3-A3MR",2,1,700,0.0228708855457246,0.87,997.702684619118
"TCGA-D3-A3MU",3,1,401,0.294069683058724,0.82,594.820981628082
"TCGA-D3-A3MV",4,1,399,0.39338021580053,0.81,640.176092912107
"TCGA-D3-A51E",4,1.5,232,0.286822520794141,0.79,252.316804234119
"TCGA-D3-A51F",1,0,105,0.0973850370377307,0.99,113.196970201437
"TCGA-D3-A51G",2,1,950,0.848841845123753,0.85,1253.79703330602
"TCGA-D3-A51H",3,2,46,0.161143516854733,0.85,30.2470096887478
"TCGA-D3-A51J",4,1.5,375,0.299232450260439,0.52,511.369220618064
"TCGA-D3-A51K",4,1.5,25,0.491829486272612,0.81,1.15132989217059
"TCGA-D3-A51N",2,1,89,0.344185525050522,0.67,45.0699224031109
"TCGA-D3-A51R",3,1.94,568,0.191044720759295,0.93,877.912390056973
"TCGA-D3-A51T",3,2,937,0.290823792285537,0.85,1360.36762919887
"TCGA-D3-A5GL",4,1.5,NA,0.23037749162354,0.77,380.590703835948
"TCGA-D3-A5GN",3,1,382,0.85887018692385,0.72,642.826311329231
"TCGA-D3-A5GO",3,2,1262,0.108367271222973,0.87,2036.75038217821
"TCGA-D3-A5GR",1,0,211,0.843805781540763,0.43,274.836791862624
"TCGA-D3-A5GS",4,1.5,313,0.356797778087236,0.8,489.652744871823
"TCGA-D3-A5GT",3,NA,23,0.302600001986848,0.88,0
"TCGA-D3-A5GU",2,1,0,0.175041466236649,0.84,687.071146730895
"TCGA-D3-A8GB",4,1.5,NA,0.114832558653707,0.99,1142.79812629594
"TCGA-D3-A8GC",3,2,NA,0.145776826356328,0.87,978.093892798947
"TCGA-D3-A8GD",1,0,NA,0.313630510457468,0.16,49.1431260964666
"TCGA-D3-A8GE",2,1,NA,0.0095896668380138,0.85,0
"TCGA-D3-A8GI",4,1,NA,0.848128364543255,0.89,6696.372499531
"TCGA-D3-A8GJ",4,1.5,NA,0.205340176153481,0.44,234.118525558655
"TCGA-D3-A8GK",3,2,NA,0.362102301937457,0.91,675.935213190128
"TCGA-D3-A8GL",3,2,NA,0.852475588457504,0.96,2337.15709856956
"TCGA-D3-A8GM",3,1,NA,0.91393186877344,0.65,3978.79193954806
"TCGA-D3-A8GN",3,2,NA,0.2990590584919,0.94,282.842773149748
"TCGA-D3-A8GO",3,2,NA,0.23399082787102,0.77,691.253633368208
"TCGA-D3-A8GP",4,1.5,NA,0.142382929337544,0.98,616.161802394721
"TCGA-D3-A8GQ",4,1.41,NA,0.424502808607265,0.68,1773.39775720239
"TCGA-D3-A8GR",3,2,NA,0.330827166661092,0.81,354.391024858549
"TCGA-D3-A8GS",4,1.5,NA,0.405605799532311,0.7,206.070037367719
"TCGA-D3-A8GV",4,2,NA,0.299046388569412,0.92,469.106099422046
"TCGA-D9-A148",1,0,221,0.776727498130623,0.83,243.259178727877
"TCGA-D9-A1JW",1,0,713,0.0916304507557873,0.64,1018.52137449981
"TCGA-D9-A1JX",4,1.5,154,0.368708242411709,0.76,185.242945455559
"TCGA-D9-A1X3",1,0,38,0.83418999882967,0.95,10.9551090042386
"TCGA-D9-A3Z3",1,0,110,0.155351464982218,0.6,150.072848044034
"TCGA-D9-A3Z4",3,2,122,0.272289378033791,0.77,113.97628266052
"TCGA-D9-A4Z2",4,1.5,21,0.285607810582759,0.85,0.0483024694793621
"TCGA-D9-A4Z3",5,1.88,656,0.450942090699272,0.83,744.694289419622
"TCGA-D9-A4Z5",1,0,67,0.247874444389098,0.89,6.14513622171379
"TCGA-D9-A4Z6",3,2,229,0.405151643308418,0.79,341.125440769343
"TCGA-D9-A6E9",1,0,152,0.737400714104275,0.51,166.176283853271
"TCGA-D9-A6EA",6,1,533,0.685311759597281,0.96,730.851640079946
"TCGA-D9-A6EC",4,1.5,3780,0.115081188643585,0.94,3458.86271811449
"TCGA-D9-A6EG",4,1.5,NA,0.836222689882539,0.95,36.460849062538
"TCGA-DA-A1HV",3,1,1088,0.550875322821241,0.72,1666.03933003575
"TCGA-DA-A1HW",5,1.33333333333333,259,0.626982610685476,0.66,350.799977706357
"TCGA-DA-A1HY",1,0,589,0.357824618852572,0.71,830.313129725647
"TCGA-DA-A1I1",1,0,321,0.671636163614619,0.71,430.437659571164
"TCGA-DA-A1I2",4,1,100,0.618836247743425,0.86,117.02397738991
"TCGA-DA-A1I4",3,2,216,0.0778454731376688,0.91,299.565738822403
"TCGA-DA-A1I5",1,0,357,0.804730943372454,0.55,547.854338440277
"TCGA-DA-A1I7",4,1,361,0.172377702791846,0.73,459.620283019435
"TCGA-DA-A1I8",5,1,137,0.71446830844035,0.85,141.988371249522
"TCGA-DA-A1IA",1,0,263,0.720406176124062,0.93,276.300116968808
"TCGA-DA-A1IB",3,2,21,0.13491314273409,0.85,0
"TCGA-DA-A1IC",4,1.5,765,0.315649682805091,0.79,1015.86663683127
"TCGA-DA-A3F2",1,0,7,0.0672394225492876,0.92,NA
"TCGA-DA-A3F3",4,1.5,256,0.354979289614327,0.92,320.010275578225
"TCGA-DA-A3F5",1,0,272,0.821898059676856,0.61,298.400486434224
"TCGA-DA-A3F8",5,1.33333333333333,952,0.994469872415722,0.83,1517.29225520906
"TCGA-DA-A95V",3,2,NA,0.11168853446409,0.81,235.304876373366
"TCGA-DA-A95W",4,3,NA,0.318002885028162,0.85,157.703545837963
"TCGA-DA-A95X",4,1.5,NA,0.433929085377765,0.83,537.983940783995
"TCGA-DA-A95Y",4,3,NA,0.303543421257362,0.83,455.599243805421
"TCGA-DA-A95Z",1,0,NA,0.857211765958868,0.84,2319.34488283293
"TCGA-DA-A960",2,1,NA,0.907711887277311,0.83,1006.3945819116
"TCGA-EB-A1NK",5,1.33333333333333,109,0.343653941898543,0.65,149.22929097289
"TCGA-EB-A24C",3,2,25,0.467103652495324,0.85,1.66853848250625
"TCGA-EB-A24D",2,1,451,0.694184699405195,0.89,594.790982673051
"TCGA-EB-A299",4,1.5,122,0.259808842482981,0.7,173.272013496646
"TCGA-EB-A3XC",1,0,315,0.194318377237542,0.74,402.468741496818
"TCGA-EB-A3XD",1,0,330,0.192111408042124,0.9,458.760172507643
"TCGA-EB-A3XE",4,1.5,18,0.0768829003908933,0.69,11.0081881829339
"TCGA-EB-A3XF",5,1.33333333333333,NA,0.401654920916742,0.73,473.16324900946
"TCGA-EB-A3Y6",3,1,479,0.847721749128878,0.69,607.372777173396
"TCGA-EB-A3Y7",3,2,891,0.190616844829002,0.55,1189.53535702834
"TCGA-EB-A41A",3,2,1464,0.199041275851524,0.9,2401.05689633984
"TCGA-EB-A41B",1,0,314,0.952521014681965,0.91,533.503923456122
"TCGA-EB-A42Y",3,2,64,0.261872956430325,0.86,19.9944863878803
"TCGA-EB-A42Z",4,1.5,85,0.33025231814643,0.88,96.8295119900482
"TCGA-EB-A430",4,1.5,328,0.79210680616073,0.69,398.387918811587
"TCGA-EB-A431",3,1,1358,0.117129121759702,0.77,2047.60967520097
"TCGA-EB-A44N",3,2,122,0.317827749312516,0.29,152.626741384336
"TCGA-EB-A44O",4,1.5,402,0.349400122413182,0.8,510.538516628515
"TCGA-EB-A44P",1,0,262,0.250628540115614,0.82,345.924160470598
"TCGA-EB-A44Q",5,1.33333333333333,45,0.113906869681623,0.78,14.2239540152542
"TCGA-EB-A44R",2,1,48,0.112551185239894,0.73,1.20769034747638
"TCGA-EB-A4IQ",1,NA,10,0.763164331090646,0.65,4.67605974492003
"TCGA-EB-A4IS",1,0,443,0.436435294955196,0.21,575.028501638992
"TCGA-EB-A4OY",4,1.5,57,0.625353459522321,0.68,1.59893612083348
"TCGA-EB-A4OZ",2,1,24,0.201265544430597,0.97,1.46643328677902
"TCGA-EB-A4P0",1,0,151,0.824110759118571,0.89,147.777782519273
"TCGA-EB-A4XL",3,2,NA,0.124582116648628,0.86,493.405908992418
"TCGA-EB-A51B",3,2,NA,0.106338443144698,0.91,440.001062300406
"TCGA-EB-A550",1,0,NA,0.181757394172039,0.45,151.281489089453
"TCGA-EB-A551",1,0,282,0.800478764998669,0.46,369.078976839977
"TCGA-EB-A553",4,1.07,273,0.360060911173534,0.61,238.366297947851
"TCGA-EB-A57M",4,1.5,53,0.787791399731902,0.63,0
"TCGA-EB-A5FP",4,1,NA,0.867692781942346,0.9,400.465382869038
"TCGA-EB-A5KH",5,1.97333333333333,NA,0.390807271870384,0.93,0
"TCGA-EB-A5SE",4,1.5,222,0.34815037411478,0.88,289.135906755167
"TCGA-EB-A5SF",4,1,25,0.46779512791903,0.54,5.44893104250461
"TCGA-EB-A5SG",4,1.5,235,0.198635716254497,0.2,324.055409237643
"TCGA-EB-A5SH",5,1.33333333333333,89,0.664866423454313,0.86,22.9267590144894
"TCGA-EB-A5UL",3,1,385,0.749438615730147,0.53,435.482849737331
"TCGA-EB-A5UM",5,2,463,0.094231684308754,0.8,592.733381391584
"TCGA-EB-A5UN",3,2,591,0.344804918562335,0.38,686.919794910481
"TCGA-EB-A5VU",3,1,NA,0.748128887722955,0.8,11.1454508209365
"TCGA-EB-A5VV",4,NA,NA,0.173256713484888,0.85,NA
"TCGA-EB-A6L9",3,2,NA,0.04560829565006,0.91,0.721561342649969
"TCGA-EB-A97M",1,0,NA,0.796170250023511,0.89,364.807513770983
"TCGA-EE-A17X",4,1.5,652,0.123042826871012,0.91,908.396893676472
"TCGA-EE-A17Z",1,0,20,0.230568247019752,0.96,0
"TCGA-EE-A181",3,2,2419,0.210456506122083,0.62,3458.07196245529
"TCGA-EE-A182",4,1.5,1155,0.270675256443949,0.58,1753.90307574263
"TCGA-EE-A183",4,1.5,638,0.0509101241141522,0.91,863.29080193061
"TCGA-EE-A185",4,1.5,155,0.282435140306048,0.92,196.202256872881
"TCGA-EE-A20B",1,0,143,0.803716807344934,0.74,191.487413498461
"TCGA-EE-A20C",5,1.33333333333333,1651,0.937456445234733,0.98,2134.5397508939
"TCGA-EE-A20F",5,1.33333333333333,379,0.340855859068408,0.66,545.503074797831
"TCGA-EE-A20H",4,1.5,482,0.693432438685623,0.96,633.168558540066
"TCGA-EE-A20I",1,0,15,0.472770237277774,0.78,0
"TCGA-EE-A29A",4,1.5,202,0.367459572176037,0.92,286.341094168242
"TCGA-EE-A29B",4,1.5,459,0.292552473748876,0.94,598.071766079574
"TCGA-EE-A29C",5,1.33333333333333,336,0.736400933169878,0.54,420.044857484612
"TCGA-EE-A29D",5,1.33333333333333,2955,0.594893775632104,0.96,4627.82242154127
"TCGA-EE-A29E",3,2,2785,0.238773034822034,0.86,4428.57750811837
"TCGA-EE-A29G",4,1.74,325,0.223420097822412,0.83,355.324884284551
"TCGA-EE-A29H",3,2,258,0.267032613995152,0.92,360.897562248506
"TCGA-EE-A29L",3,1,1575,0.736837362201025,0.94,2344.38489882807
"TCGA-EE-A29M",3,1,1872,0.750587943215239,0.58,3022.5997924159
"TCGA-EE-A29N",3,2,500,0.12881865857072,0.87,602.766063225626
"TCGA-EE-A29P",3,2,239,0.153650645091125,0.53,347.862055858935
"TCGA-EE-A29Q",5,1.33333333333333,234,0.206860656354983,0.76,286.094923195556
"TCGA-EE-A29R",5,1.33333333333333,525,0.921317477741688,0.94,807.559356680224
"TCGA-EE-A29S",2,1,826,0.331788061469181,0.65,1251.00344898177
"TCGA-EE-A29T",4,1.48,NA,0.118922797510323,0.87,387.732714677348
"TCGA-EE-A29V",3,2,803,0.0632190758112456,0.85,998.044071362817
"TCGA-EE-A29W",5,1.33333333333333,65,0.0771295884106659,0.64,56.8421649546281
"TCGA-EE-A29X",1,0,114,0.612141158073712,0.72,145.549523952138
"TCGA-EE-A2A0",4,3,350,0.170598674607046,0.75,488.821557974831
"TCGA-EE-A2A1",1,0,322,0.0590975892922012,0.22,450.583188547918
"TCGA-EE-A2A2",4,1.5,1279,0.857709240896378,0.84,1548.65152679558
"TCGA-EE-A2A5",5,1.32666666666667,269,0.131842518415611,0.92,313.734119934168
"TCGA-EE-A2A6",1,0,245,0.18215750548548,0.57,307.638366381174
"TCGA-EE-A2GB",2,1,532,0.206113584455635,0.89,727.814479266222
"TCGA-EE-A2GC",5,1.33333333333333,1839,0.859968692956635,0.73,2766.36109259108
"TCGA-EE-A2GD",1,0,451,0.354154757192578,0.38,653.497434456166
"TCGA-EE-A2GE",2,1,203,0.0739355088905675,0.89,224.400180049219
"TCGA-EE-A2GH",2,1,256,0.273497842961777,0.87,362.129130969768
"TCGA-EE-A2GI",3,2,1258,0.25908869361974,0.6,1804.42996363669
"TCGA-EE-A2GJ",3,2,884,0.317613787181828,0.66,1328.73783282963
"TCGA-EE-A2GK",NA,NA,0,0.0242496272487543,0.92,0
"TCGA-EE-A2GL",4,1.5,281,0.238940861291807,0.89,390.207591872596
"TCGA-EE-A2GO",1,0,1526,0.769405591560969,0.89,2187.71164295096
"TCGA-EE-A2GP",3,2,496,0.113123838328973,0.79,768.640251048778
"TCGA-EE-A2GR",4,1.5,1259,0.059190469110793,0.92,1705.75106900711
"TCGA-EE-A2GS",3,2,280,0.25132702582134,0.92,368.741786395403
"TCGA-EE-A2GT",3,2,282,0.133169069723923,0.83,397.431235158789
"TCGA-EE-A2GU",4,1.5,476,0.347820018935462,0.55,788.765619125542
"TCGA-EE-A2M5",1,0,1589,0.285203699609509,0.55,1999.98513809515
"TCGA-EE-A2M6",1,0,436,0.670882916513914,0.9,590.724215528493
"TCGA-EE-A2M7",2,1,47,0.828940276338646,0.56,28.4864027621914
"TCGA-EE-A2M8",2,1,93,0.276380612251699,0.22,110.374769538813
"TCGA-EE-A2MC",3,2,614,0.116080219227183,0.38,860.589837855632
"TCGA-EE-A2MD",5,1.33333333333333,1324,0.400139496218662,0.57,2053.59054639043
"TCGA-EE-A2ME",1,0,48,0.058433316715157,0.75,26.0334455538488
"TCGA-EE-A2MG",1,0,178,0.0141873672988569,0.93,252.49545265149
"TCGA-EE-A2MH",1,0,109,0.220755785524192,0.38,126.461620563027
"TCGA-EE-A2MI",5,1.33333333333333,852,0.238353424394327,0.61,1382.39469766976
"TCGA-EE-A2MJ",3,2,1866,0.224083706384414,0.81,2487.05630108002
"TCGA-EE-A2MK",3,1,232,0.403080953151952,0.79,298.087005152509
"TCGA-EE-A2ML",2,1,459,0.204225149647266,0.66,565.413948918817
"TCGA-EE-A2MM",5,1.33333333333333,440,0.833833488860816,0.96,688.438387466001
"TCGA-EE-A2MN",5,2,115,0.249733326546608,0.8,141.27472808334
"TCGA-EE-A2MP",3,2,239,0.16702353828814,0.8,264.886236810822
"TCGA-EE-A2MQ",1,0,209,0.34995799769883,0.8,235.97359072004
"TCGA-EE-A2MR",2,1,3846,0.398987532671066,0.18,4136.1872076564
"TCGA-EE-A2MS",4,1.5,2228,0.611292131486032,0.89,3288.91028703783
"TCGA-EE-A2MT",4,1.5,721,0.165288755996335,0.89,995.541771352245
"TCGA-EE-A2MU",5,1.33333333333333,559,0.134333050483344,0.34,764.114196234444
"TCGA-EE-A3AB",2,1,556,0.288238656586295,0.63,394.162781305239
"TCGA-EE-A3AC",4,1.5,799,0.324691736926562,0.82,1152.43534548217
"TCGA-EE-A3AD",3,1,337,0.6790620354068,0.94,459.602427786241
"TCGA-EE-A3AE",4,1,1138,0.820140282708054,0.82,1846.15493029978
"TCGA-EE-A3AF",3,1,826,0.360124078310274,0.76,972.496025927933
"TCGA-EE-A3AG",3,1,1296,0.719907546585004,0.89,1893.2880890896
"TCGA-EE-A3AH",4,1.5,317,0.377678376750966,0.95,439.471894280939
"TCGA-EE-A3J3",1,0,139,0.79557001302059,0.75,126.93768023882
"TCGA-EE-A3J4",3,2,275,0.212408988416076,0.91,243.328795145545
"TCGA-EE-A3J5",1,0,1721,0.207346120675947,0.65,2459.63086591424
"TCGA-EE-A3J7",2,1,787,0.0438100681939286,0.87,866.805980120381
"TCGA-EE-A3J8",3,2,219,0.0957101430598057,0.96,320.698353333119
"TCGA-EE-A3JA",3,2,779,0.102937553532154,0.86,1389.49789225683
"TCGA-EE-A3JB",4,1.5,500,0.855247055269471,0.73,557.708370479252
"TCGA-EE-A3JD",3,2,2423,0.169971217433133,0.87,2591.09295889919
"TCGA-EE-A3JE",4,1.5,239,0.172493587792281,0.91,218.377756727875
"TCGA-EE-A3JH",1,0,150,0.136410312229807,0.94,161.490492633252
"TCGA-EE-A3JI",5,1,891,0.796182640133076,0.95,1049.53568962649
"TCGA-ER-A193",4,2,1572,0.146236808247632,0.7,2207.03624259052
"TCGA-ER-A194",3,2,1092,0.0249177542474084,0.66,1575.39270335225
"TCGA-ER-A195",4,1.5,200,0.378396604752251,0.52,305.836848096617
"TCGA-ER-A196",5,1.33333333333333,20,0.23530249150542,0.94,0.499587343030668
"TCGA-ER-A197",3,2,42,0.243199921691758,0.3,0
"TCGA-ER-A198",4,1.5,388,0.15708861555681,0.79,491.732027486487
"TCGA-ER-A199",3,1.86,228,0.345462813222596,0.35,298.284430579665
"TCGA-ER-A19A",2,1,344,0.0691850933802298,0.78,229.84630480269
"TCGA-ER-A19B",3,2,99,0.667810553940182,0.84,33.0111217103018
"TCGA-ER-A19C",1,0,67,0.425051417345583,0.7,80.6653539498464
"TCGA-ER-A19D",1,0,352,0.176239099958288,0.82,486.417022464759
"TCGA-ER-A19E",4,1,370,0.616486003137043,0.82,403.763033268955
"TCGA-ER-A19F",5,2,778,0.192003934572755,0.9,1093.41111994777
"TCGA-ER-A19G",3,1,399,0.87083221229051,0.78,513.543061415735
"TCGA-ER-A19H",3,1,209,0.6549532535325,0.8,262.635437696574
"TCGA-ER-A19J",4,1.5,170,0.406203435109275,0.85,256.04178789543
"TCGA-ER-A19K",3,2,298,0.153021526687332,0.58,480.209049520634
"TCGA-ER-A19L",1,0,46,0.388115020441404,0.86,54.4432061109978
"TCGA-ER-A19M",4,1.5,378,0.0557386203554856,0.57,539.597731787209
"TCGA-ER-A19N",3,2,398,0.309700849479161,0.36,560.043940740804
"TCGA-ER-A19O",4,1.46,142,0.178970341141626,0.47,207.543884597683
"TCGA-ER-A19P",1,0,1493,0.57520958884775,0.17,259.326460305497
"TCGA-ER-A19Q",4,1.5,100,0.314222677376252,0.6,115.551378019201
"TCGA-ER-A19S",2,1,182,0.0479891713169149,0.95,218.099152741927
"TCGA-ER-A19W",4,1.5,267,0.210550761848206,0.31,324.201597480669
"TCGA-ER-A1A1",3,2,209,0.0504873400354036,0.85,58.4707511012439
"TCGA-ER-A2NB",1,0,68,0.929826575316003,0.46,5.05665445955055
"TCGA-ER-A2NC",4,1.5,314,0.956383570754722,0.74,475.645254890434
"TCGA-ER-A2ND",5,1.33333333333333,96,0.611358955625154,0.85,68.1762462459792
"TCGA-ER-A2NE",3,2,111,0.29075701310619,0.95,114.991018746461
"TCGA-ER-A2NG",4,2.94,208,0.299957127284148,0.44,235.977680728243
"TCGA-ER-A3ES",4,1.5,28,0.41071659113463,0.97,0
"TCGA-ER-A3ET",3,2,93,0.178719261918738,0.63,18.1552189967207
"TCGA-ER-A3EV",1,0,87,0.781780087329675,0.82,7.53417621812866
"TCGA-ER-A3PL",3,1,279,0.913789462463497,0.89,427.932284876755
"TCGA-ER-A42H",1,0,48,0.320618795726193,0.92,0
"TCGA-ER-A42K",4,1.5,155,0.419554437760724,0.8,171.769009280449
"TCGA-ER-A42L",2,1,797,0.21744635640461,0.8,1219.35544656266
"TCGA-FR-A3YN",3,2,442,0.207364732964621,0.85,626.37579957403
"TCGA-FR-A3YO",1,0,667,0.997183265453641,0.81,1045.08481793863
"TCGA-FR-A44A",2,1,236,0.830232464074347,0.41,300.569655012073
"TCGA-FR-A69P",3,1,187,0.654669283551524,0.88,242.705565136773
"TCGA-FR-A726",4,1.23,NA,0.252298965013876,0.64,8634.66277860232
"TCGA-FR-A728",3,2,NA,0.963550546239414,0.4,432.03825433768
"TCGA-FR-A729",3,1,NA,0.715135534552643,0.66,1015.76897130041
"TCGA-FR-A7U8",4,1.5,NA,0.378499145353114,0.89,0.440046232539468
"TCGA-FR-A7U9",2,1,NA,0.291590886953062,0.49,2251.9552519566
"TCGA-FR-A7UA",3,2,NA,0.130123046910124,0.9,228.843495240139
"TCGA-FR-A8YC",3,1,NA,0.862334937276063,0.85,3471.40504817842
"TCGA-FR-A8YD",5,1.33333333333333,NA,0.546276446211084,0.82,18.9330171173429
"TCGA-FR-A8YE",3,2,NA,0.0441831845183244,0.86,372.171540065408
"TCGA-FS-A1YW",4,1.5,127,0.30274813151221,0.86,174.756667205921
"TCGA-FS-A1YX",3,1,23,0.427780079873705,0.74,8.3612755769637
"TCGA-FS-A1YY",3,2,161,0.343313796982585,0.71,224.959610719022
"TCGA-FS-A1Z0",1,0,222,0.292270179761077,0.69,224.485988170941
"TCGA-FS-A1Z3",4,3,834,0.228027101570696,0.87,1176.34111709599
"TCGA-FS-A1Z4",2,1,30,0.302522928309059,0.19,36.8223075084188
"TCGA-FS-A1Z7",4,1.5,152,0.388567567851255,0.59,189.524837668172
"TCGA-FS-A1ZA",1,0,956,0.861794558864383,0.79,1345.67546029089
"TCGA-FS-A1ZB",3,2,191,0.319576199202991,0.41,284.691171125082
"TCGA-FS-A1ZC",4,1,547,0.773325846866948,0.95,836.68135144102
"TCGA-FS-A1ZD",4,1,207,0.890307648407138,0.91,232.335385649059
"TCGA-FS-A1ZE",4,1.5,114,0.251527267231153,0.95,116.281150566953
"TCGA-FS-A1ZF",4,1.5,161,0.281594465563371,0.87,157.400003817188
"TCGA-FS-A1ZG",3,2,25,0.1739745205191,0.96,0
"TCGA-FS-A1ZH",5,1.33333333333333,26,0.849462047028943,0.67,2.1758714217379
"TCGA-FS-A1ZJ",6,1.66666666666667,53,0.418640051356238,0.9,6.96913850917996
"TCGA-FS-A1ZK",3,1,1240,0.439354795419298,0.9,1592.14509566567
"TCGA-FS-A1ZM",2,1,208,0.81759600663084,0.89,224.376478610755
"TCGA-FS-A1ZN",4,1.5,85,0.168591526561122,0.95,106.775945750923
"TCGA-FS-A1ZP",4,1.5,334,0.285825507213421,0.74,491.031841047168
"TCGA-FS-A1ZQ",1,0,390,0.414876147877053,0.76,633.514777786638
"TCGA-FS-A1ZR",4,1,115,0.805339293881985,0.86,154.177333355299
"TCGA-FS-A1ZS",5,1.33333333333333,211,0.992888819820311,0.86,266.684518212836
"TCGA-FS-A1ZT",4,1.5,141,0.186427098276649,0.7,211.557308688193
"TCGA-FS-A1ZU",6,1.25,35,0.754974225195213,0.98,8.03595956091798
"TCGA-FS-A1ZW",4,2,535,0.196765672717632,0.75,667.939618484952
"TCGA-FS-A1ZY",4,1.5,26,0.0985150796091662,0.94,3.12793949333876
"TCGA-FS-A1ZZ",3,2,1184,0.400202553045157,0.95,2026.9058132802
"TCGA-FS-A4F0",3,2,0,0.134605818470642,0.97,556.080187829979
"TCGA-FS-A4F2",4,1.5,NA,0.0981442446539003,0.87,NA
"TCGA-FS-A4F9",4,1.5,332,0.269438060116279,0.95,494.005969576243
"TCGA-FS-A4FC",1,0,574,0.1357498979818,0.56,854.605631069934
"TCGA-FW-A3I3",5,2,48,0.756244195834008,0.87,2.75079930776077
"TCGA-FW-A3R5",3,2,30937,0.320231569617891,0.55,20485.9174425629
"TCGA-FW-A3TU",4,1.5,617,0.353444231405047,0.85,776.275021737728
"TCGA-FW-A3TV",4,1.53,269,0.370983884787459,0.57,327.928565725804
"TCGA-FW-A5DX",4,1,155,0.698370398238289,0.97,201.107938297377
"TCGA-GF-A2C7",4,1.5,59,0.217047308380488,0.91,61.3726145068062
"TCGA-GF-A3OT",4,1.5,428,0.0105600300357839,0.9,574.467337890885
"TCGA-GF-A4EO",3,2,0,0.0436220143505229,0.96,249.666533678353
"TCGA-GF-A6C8",3,2,311,0.311478924371997,0.6,386.49855129539
"TCGA-GF-A6C9",3,2,2651,0.228316189231313,0.88,3573.45886855017
"TCGA-GF-A769",4,1.5,NA,0.317231061784176,0.87,145.31147448291
"TCGA-GN-A262",3,2,281,0.385689990322427,0.96,330.060517712837
"TCGA-GN-A263",3,2,358,0.311332568416699,0.47,519.684418500655
"TCGA-GN-A264",4,1,41,0.714758869464463,0.86,4.18889398468142
"TCGA-GN-A265",2,1,228,0.170938505464767,0.19,232.030059160338
"TCGA-GN-A266",3,1,3076,0.768225759466074,0.67,4767.2144813685
"TCGA-GN-A267",1,0,328,0.502103894366563,0.68,396.867621453085
"TCGA-GN-A268",1,0,278,0.219740117761478,0.97,367.413411481262
"TCGA-GN-A269",4,3,560,0.391156220755837,0.42,841.387079598539
"TCGA-GN-A26A",3,1,272,0.761140562294593,0.64,323.262063608975
"TCGA-GN-A26C",4,1.5,1479,0.915999476241782,0.46,2286.26398588716
"TCGA-GN-A26D",3,1.48,42,0.14913044474016,0.92,11.0246260611607
"TCGA-GN-A8LK",4,1.5,NA,0.106454955844006,0.96,2295.98356362101
"TCGA-GN-A8LL",6,1.66666666666667,NA,0.532860738117568,0.93,0.374055715829634
"TCGA-GN-A8LN",5,1.33333333333333,NA,0.8202015011239,0.92,292.32121841607
"TCGA-GN-A9SD",3,2,NA,0.2499129905747,0.82,138.491679749046
"TCGA-HR-A2OG",4,1,169,0.891565350788942,0.61,171.439370505927
"TCGA-HR-A2OH",1,0,91,0.818893730318588,0.42,104.448835562892
"TCGA-HR-A5NC",3,2,NA,0.39863756556237,0.83,33.6600746064762
"TCGA-IH-A3EA",4,1.5,1222,0.277034701687184,0.69,1932.85603557196
"TCGA-LH-A9QB",4,1.5,NA,0.22352627171412,0.95,272.689227995162
"TCGA-OD-A75X",4,1.5,NA,0.868221645165596,0.92,1257.76679682904
"TCGA-QB-A6FS",4,1.5,934,0.12231365684826,0.55,1518.18961784529
"TCGA-QB-AA9O",1,0,NA,0.815715678363528,0.78,1652.75874824146
"TCGA-RP-A690",1,0,14,0.10698364830666,0.76,0
"TCGA-RP-A693",3,2,651,0.0417006311185118,0.6,808.272155602575
"TCGA-RP-A694",2,1,556,0.275134148528324,0.64,769.536179839633
"TCGA-RP-A695",1,0,685,0.896585295704856,0.79,1011.10823271404
"TCGA-RP-A6K9",4,1.5,NA,0.268531695009626,0.61,0
"TCGA-W3-A824",1,0,NA,0.264792488768641,0.8,1596.53251737788
"TCGA-W3-A825",3,2,NA,0.659747158579869,0.82,1357.69602801901
"TCGA-W3-A828",1,0,NA,0.234587932509064,0.66,1143.75418849818
"TCGA-W3-AA1O",3,1.98,NA,0.375482164599532,0.78,908.363635601132
"TCGA-W3-AA1Q",4,1.5,NA,0.211655906797408,0.76,1160.80364763855
"TCGA-W3-AA1R",4,1.5,NA,0.989400829649852,0.85,1991.31293543223
"TCGA-W3-AA1W",3,2,NA,0.232073121637254,0.4,862.57299436277
"TCGA-W3-AA21",5,1.33333333333333,NA,0.691112941990079,0.94,611.207613040866
"TCGA-WE-A8JZ",5,1,NA,0.686627802040685,0.92,217.463283463892
"TCGA-WE-A8K1",3,2,NA,0.294542717932298,0.48,362.556228387911
"TCGA-WE-A8K4",2,1,NA,0.287489168453952,0.62,954.054677118475
"TCGA-WE-A8K5",1,0,NA,0.875684995468651,0.86,1383.34855039926
"TCGA-WE-A8K6",1,0,NA,0.77031410335799,0.87,277.627020672485
"TCGA-WE-A8ZM",4,1.5,NA,0.665332114292175,0.9,40.5663748923537
"TCGA-WE-A8ZN",3,2,NA,0.257488072920192,0.47,178.274394948117
"TCGA-WE-A8ZO",3,2,NA,0.171234008319972,0.82,434.244406609501
"TCGA-WE-A8ZQ",3,2,NA,0.822253132959637,0.96,149.394139823778
"TCGA-WE-A8ZR",1,0,NA,0.419273397930711,0.63,11.0637617351203
"TCGA-WE-A8ZT",4,3,NA,0.130618954743104,0.86,473.384146207547
"TCGA-WE-A8ZX",4,1.5,NA,0.530192860775763,0.76,723.452369696657
"TCGA-WE-A8ZY",3,1,NA,0.535300527084122,0.91,264.928048548739
"TCGA-WE-AA9Y",2,1,NA,0.323971605384369,0.23,73.8483402328167
"TCGA-WE-AAA0",4,1.5,NA,0.253895982863339,0.64,1562.9002263787
"TCGA-WE-AAA3",1,0,NA,0.70531846914803,0.65,441.268880362829
"TCGA-WE-AAA4",2,1,NA,0.0695523807386289,0.34,242.095905830966
"TCGA-XV-A9VZ",3,2,NA,0.0872465038259826,0.94,1.48084217970632
"TCGA-XV-A9W2",3,2,NA,0.354399702522548,0.49,0
"TCGA-XV-A9W5",4,1.5,NA,0.494940805331211,0.65,84.4882280111649
"TCGA-XV-AAZV",3,2,NA,0.0454588241785457,0.47,137.087812208274
"TCGA-XV-AAZW",4,1.5,NA,0.247109731412736,0.83,139.966597314708
"TCGA-XV-AAZY",1,0,NA,0.922816167108133,0.94,199.57894029238
"TCGA-XV-AB01",4,1.5,NA,0.497385703717451,0.9,NA
"TCGA-YD-A89C",4,1.5,NA,0.323243756567634,0.8,2108.700794773
"TCGA-YD-A9TA",3,1,NA,0.647399581584664,0.82,4180.41744625524
"TCGA-YD-A9TB",2,1,NA,0.148634412947918,0.77,385.72006456553
"TCGA-YG-AA3N",4,1.5,NA,0.178731803213925,0.66,2579.77851075641
"TCGA-YG-AA3O",4,1.5,NA,0.835036202350347,0.79,1322.4289190054
"TCGA-YG-AA3P",4,1,NA,0.711114558008704,0.97,2.95014183881785
"TCGA-Z2-A8RT",3,2,NA,0.283482134559054,0.8,3964.19966775084
"TCGA-Z2-AA3S",1,0,NA,0.325005745547794,0.91,260.765933107047
"TCGA-Z2-AA3V",2,1,NA,0.0302762932728721,0.95,502.718176403187
